<annotation>
	<folder>pic</folder>
	<filename>p4.jpg</filename>
	<path>C:/Users/eplan/AppData/Local/Programs/Python/Python37-32/pic/p4.jpg</path>
	<source>
		<database>Unknown</database>
	</source>
	<size>
		<width>640</width>
		<height>480</height>
		<depth>3</depth>
	</size>
	<segmented>0</segmented>
	<object>
		<name>tablet</name>
		<pose>Unspecified</pose>
		<truncated>0</truncated>
		<difficult>0</difficult>
		<bndbox>
			<xmin>259</xmin>
			<ymin>45</ymin>
			<xmax>287</xmax>
			<ymax>71</ymax>
		</bndbox>
	</object>
	<object>
		<name>tablet</name>
		<pose>Unspecified</pose>
		<truncated>0</truncated>
		<difficult>0</difficult>
		<bndbox>
			<xmin>436</xmin>
			<ymin>55</ymin>
			<xmax>459</xmax>
			<ymax>87</ymax>
		</bndbox>
	</object>
	<object>
		<name>tablet</name>
		<pose>Unspecified</pose>
		<truncated>0</truncated>
		<difficult>0</difficult>
		<bndbox>
			<xmin>248</xmin>
			<ymin>114</ymin>
			<xmax>278</xmax>
			<ymax>141</ymax>
		</bndbox>
	</object>
	<object>
		<name>tablet</name>
		<pose>Unspecified</pose>
		<truncated>0</truncated>
		<difficult>0</difficult>
		<bndbox>
			<xmin>306</xmin>
			<ymin>122</ymin>
			<xmax>330</xmax>
			<ymax>147</ymax>
		</bndbox>
	</object>
	<object>
		<name>tablet</name>
		<pose>Unspecified</pose>
		<truncated>0</truncated>
		<difficult>0</difficult>
		<bndbox>
			<xmin>431</xmin>
			<ymin>108</ymin>
			<xmax>459</xmax>
			<ymax>141</ymax>
		</bndbox>
	</object>
	<object>
		<name>tablet</name>
		<pose>Unspecified</pose>
		<truncated>0</truncated>
		<difficult>0</difficult>
		<bndbox>
			<xmin>335</xmin>
			<ymin>180</ymin>
			<xmax>358</xmax>
			<ymax>204</ymax>
		</bndbox>
	</object>
	<object>
		<name>tablet</name>
		<pose>Unspecified</pose>
		<truncated>0</truncated>
		<difficult>0</difficult>
		<bndbox>
			<xmin>444</xmin>
			<ymin>201</ymin>
			<xmax>471</xmax>
			<ymax>229</ymax>
		</bndbox>
	</object>
	<object>
		<name>tablet</name>
		<pose>Unspecified</pose>
		<truncated>0</truncated>
		<difficult>0</difficult>
		<bndbox>
			<xmin>246</xmin>
			<ymin>225</ymin>
			<xmax>273</xmax>
			<ymax>248</ymax>
		</bndbox>
	</object>
	<object>
		<name>tablet</name>
		<pose>Unspecified</pose>
		<truncated>0</truncated>
		<difficult>0</difficult>
		<bndbox>
			<xmin>340</xmin>
			<ymin>237</ymin>
			<xmax>369</xmax>
			<ymax>265</ymax>
		</bndbox>
	</object>
	<object>
		<name>tablet</name>
		<pose>Unspecified</pose>
		<truncated>0</truncated>
		<difficult>0</difficult>
		<bndbox>
			<xmin>446</xmin>
			<ymin>263</ymin>
			<xmax>477</xmax>
			<ymax>295</ymax>
		</bndbox>
	</object>
	<object>
		<name>tablet</name>
		<pose>Unspecified</pose>
		<truncated>0</truncated>
		<difficult>0</difficult>
		<bndbox>
			<xmin>355</xmin>
			<ymin>311</ymin>
			<xmax>381</xmax>
			<ymax>337</ymax>
		</bndbox>
	</object>
	<object>
		<name>tablet</name>
		<pose>Unspecified</pose>
		<truncated>0</truncated>
		<difficult>0</difficult>
		<bndbox>
			<xmin>440</xmin>
			<ymin>337</ymin>
			<xmax>470</xmax>
			<ymax>371</ymax>
		</bndbox>
	</object>
	<object>
		<name>tablet</name>
		<pose>Unspecified</pose>
		<truncated>0</truncated>
		<difficult>0</difficult>
		<bndbox>
			<xmin>251</xmin>
			<ymin>344</ymin>
			<xmax>280</xmax>
			<ymax>374</ymax>
		</bndbox>
	</object>
	<object>
		<name>tablet</name>
		<pose>Unspecified</pose>
		<truncated>0</truncated>
		<difficult>0</difficult>
		<bndbox>
			<xmin>314</xmin>
			<ymin>370</ymin>
			<xmax>343</xmax>
			<ymax>393</ymax>
		</bndbox>
	</object>
	<object>
		<name>tablet</name>
		<pose>Unspecified</pose>
		<truncated>0</truncated>
		<difficult>0</difficult>
		<bndbox>
			<xmin>360</xmin>
			<ymin>358</ymin>
			<xmax>392</xmax>
			<ymax>389</ymax>
		</bndbox>
	</object>
</annotation>
