<annotation>
	<folder>pic</folder>
	<filename>p54.jpg</filename>
	<path>C:/Users/eplan/AppData/Local/Programs/Python/Python37-32/pic/p54.jpg</path>
	<source>
		<database>Unknown</database>
	</source>
	<size>
		<width>640</width>
		<height>480</height>
		<depth>3</depth>
	</size>
	<segmented>0</segmented>
	<object>
		<name>tablet</name>
		<pose>Unspecified</pose>
		<truncated>0</truncated>
		<difficult>0</difficult>
		<bndbox>
			<xmin>265</xmin>
			<ymin>66</ymin>
			<xmax>298</xmax>
			<ymax>95</ymax>
		</bndbox>
	</object>
	<object>
		<name>tablet</name>
		<pose>Unspecified</pose>
		<truncated>0</truncated>
		<difficult>0</difficult>
		<bndbox>
			<xmin>327</xmin>
			<ymin>68</ymin>
			<xmax>361</xmax>
			<ymax>94</ymax>
		</bndbox>
	</object>
	<object>
		<name>tablet</name>
		<pose>Unspecified</pose>
		<truncated>0</truncated>
		<difficult>0</difficult>
		<bndbox>
			<xmin>398</xmin>
			<ymin>63</ymin>
			<xmax>430</xmax>
			<ymax>95</ymax>
		</bndbox>
	</object>
	<object>
		<name>tablet</name>
		<pose>Unspecified</pose>
		<truncated>0</truncated>
		<difficult>0</difficult>
		<bndbox>
			<xmin>461</xmin>
			<ymin>63</ymin>
			<xmax>490</xmax>
			<ymax>94</ymax>
		</bndbox>
	</object>
	<object>
		<name>tablet</name>
		<pose>Unspecified</pose>
		<truncated>0</truncated>
		<difficult>0</difficult>
		<bndbox>
			<xmin>248</xmin>
			<ymin>103</ymin>
			<xmax>283</xmax>
			<ymax>129</ymax>
		</bndbox>
	</object>
	<object>
		<name>tablet</name>
		<pose>Unspecified</pose>
		<truncated>0</truncated>
		<difficult>0</difficult>
		<bndbox>
			<xmin>326</xmin>
			<ymin>107</ymin>
			<xmax>353</xmax>
			<ymax>134</ymax>
		</bndbox>
	</object>
	<object>
		<name>tablet</name>
		<pose>Unspecified</pose>
		<truncated>0</truncated>
		<difficult>0</difficult>
		<bndbox>
			<xmin>393</xmin>
			<ymin>105</ymin>
			<xmax>423</xmax>
			<ymax>135</ymax>
		</bndbox>
	</object>
	<object>
		<name>tablet</name>
		<pose>Unspecified</pose>
		<truncated>0</truncated>
		<difficult>0</difficult>
		<bndbox>
			<xmin>461</xmin>
			<ymin>112</ymin>
			<xmax>489</xmax>
			<ymax>140</ymax>
		</bndbox>
	</object>
	<object>
		<name>tablet</name>
		<pose>Unspecified</pose>
		<truncated>0</truncated>
		<difficult>0</difficult>
		<bndbox>
			<xmin>236</xmin>
			<ymin>152</ymin>
			<xmax>267</xmax>
			<ymax>184</ymax>
		</bndbox>
	</object>
	<object>
		<name>tablet</name>
		<pose>Unspecified</pose>
		<truncated>0</truncated>
		<difficult>0</difficult>
		<bndbox>
			<xmin>341</xmin>
			<ymin>159</ymin>
			<xmax>366</xmax>
			<ymax>187</ymax>
		</bndbox>
	</object>
	<object>
		<name>tablet</name>
		<pose>Unspecified</pose>
		<truncated>0</truncated>
		<difficult>0</difficult>
		<bndbox>
			<xmin>402</xmin>
			<ymin>162</ymin>
			<xmax>430</xmax>
			<ymax>200</ymax>
		</bndbox>
	</object>
	<object>
		<name>tablet</name>
		<pose>Unspecified</pose>
		<truncated>0</truncated>
		<difficult>0</difficult>
		<bndbox>
			<xmin>464</xmin>
			<ymin>166</ymin>
			<xmax>492</xmax>
			<ymax>199</ymax>
		</bndbox>
	</object>
	<object>
		<name>tablet</name>
		<pose>Unspecified</pose>
		<truncated>0</truncated>
		<difficult>0</difficult>
		<bndbox>
			<xmin>274</xmin>
			<ymin>217</ymin>
			<xmax>302</xmax>
			<ymax>243</ymax>
		</bndbox>
	</object>
	<object>
		<name>tablet</name>
		<pose>Unspecified</pose>
		<truncated>0</truncated>
		<difficult>0</difficult>
		<bndbox>
			<xmin>325</xmin>
			<ymin>219</ymin>
			<xmax>356</xmax>
			<ymax>254</ymax>
		</bndbox>
	</object>
	<object>
		<name>tablet</name>
		<pose>Unspecified</pose>
		<truncated>0</truncated>
		<difficult>0</difficult>
		<bndbox>
			<xmin>391</xmin>
			<ymin>227</ymin>
			<xmax>419</xmax>
			<ymax>253</ymax>
		</bndbox>
	</object>
	<object>
		<name>tablet</name>
		<pose>Unspecified</pose>
		<truncated>0</truncated>
		<difficult>0</difficult>
		<bndbox>
			<xmin>453</xmin>
			<ymin>227</ymin>
			<xmax>483</xmax>
			<ymax>254</ymax>
		</bndbox>
	</object>
	<object>
		<name>tablet</name>
		<pose>Unspecified</pose>
		<truncated>0</truncated>
		<difficult>0</difficult>
		<bndbox>
			<xmin>277</xmin>
			<ymin>277</ymin>
			<xmax>301</xmax>
			<ymax>300</ymax>
		</bndbox>
	</object>
	<object>
		<name>tablet</name>
		<pose>Unspecified</pose>
		<truncated>0</truncated>
		<difficult>0</difficult>
		<bndbox>
			<xmin>330</xmin>
			<ymin>282</ymin>
			<xmax>352</xmax>
			<ymax>307</ymax>
		</bndbox>
	</object>
	<object>
		<name>tablet</name>
		<pose>Unspecified</pose>
		<truncated>0</truncated>
		<difficult>0</difficult>
		<bndbox>
			<xmin>383</xmin>
			<ymin>283</ymin>
			<xmax>410</xmax>
			<ymax>306</ymax>
		</bndbox>
	</object>
	<object>
		<name>tablet</name>
		<pose>Unspecified</pose>
		<truncated>0</truncated>
		<difficult>0</difficult>
		<bndbox>
			<xmin>460</xmin>
			<ymin>274</ymin>
			<xmax>487</xmax>
			<ymax>300</ymax>
		</bndbox>
	</object>
	<object>
		<name>tablet</name>
		<pose>Unspecified</pose>
		<truncated>0</truncated>
		<difficult>0</difficult>
		<bndbox>
			<xmin>264</xmin>
			<ymin>345</ymin>
			<xmax>295</xmax>
			<ymax>370</ymax>
		</bndbox>
	</object>
	<object>
		<name>tablet</name>
		<pose>Unspecified</pose>
		<truncated>0</truncated>
		<difficult>0</difficult>
		<bndbox>
			<xmin>320</xmin>
			<ymin>347</ymin>
			<xmax>348</xmax>
			<ymax>371</ymax>
		</bndbox>
	</object>
	<object>
		<name>tablet</name>
		<pose>Unspecified</pose>
		<truncated>0</truncated>
		<difficult>0</difficult>
		<bndbox>
			<xmin>385</xmin>
			<ymin>355</ymin>
			<xmax>410</xmax>
			<ymax>381</ymax>
		</bndbox>
	</object>
	<object>
		<name>tablet</name>
		<pose>Unspecified</pose>
		<truncated>0</truncated>
		<difficult>0</difficult>
		<bndbox>
			<xmin>446</xmin>
			<ymin>357</ymin>
			<xmax>476</xmax>
			<ymax>383</ymax>
		</bndbox>
	</object>
	<object>
		<name>tablet</name>
		<pose>Unspecified</pose>
		<truncated>0</truncated>
		<difficult>0</difficult>
		<bndbox>
			<xmin>272</xmin>
			<ymin>395</ymin>
			<xmax>299</xmax>
			<ymax>417</ymax>
		</bndbox>
	</object>
	<object>
		<name>tablet</name>
		<pose>Unspecified</pose>
		<truncated>0</truncated>
		<difficult>0</difficult>
		<bndbox>
			<xmin>322</xmin>
			<ymin>395</ymin>
			<xmax>348</xmax>
			<ymax>425</ymax>
		</bndbox>
	</object>
	<object>
		<name>tablet</name>
		<pose>Unspecified</pose>
		<truncated>0</truncated>
		<difficult>0</difficult>
		<bndbox>
			<xmin>380</xmin>
			<ymin>410</ymin>
			<xmax>409</xmax>
			<ymax>433</ymax>
		</bndbox>
	</object>
	<object>
		<name>tablet</name>
		<pose>Unspecified</pose>
		<truncated>0</truncated>
		<difficult>0</difficult>
		<bndbox>
			<xmin>448</xmin>
			<ymin>416</ymin>
			<xmax>476</xmax>
			<ymax>442</ymax>
		</bndbox>
	</object>
</annotation>
