<annotation>
	<folder>pic</folder>
	<filename>p71.jpg</filename>
	<path>C:/Users/eplan/AppData/Local/Programs/Python/Python37-32/pic/p71.jpg</path>
	<source>
		<database>Unknown</database>
	</source>
	<size>
		<width>640</width>
		<height>480</height>
		<depth>3</depth>
	</size>
	<segmented>0</segmented>
	<object>
		<name>tablet</name>
		<pose>Unspecified</pose>
		<truncated>0</truncated>
		<difficult>0</difficult>
		<bndbox>
			<xmin>277</xmin>
			<ymin>277</ymin>
			<xmax>300</xmax>
			<ymax>298</ymax>
		</bndbox>
	</object>
	<object>
		<name>tablet</name>
		<pose>Unspecified</pose>
		<truncated>0</truncated>
		<difficult>0</difficult>
		<bndbox>
			<xmin>329</xmin>
			<ymin>284</ymin>
			<xmax>352</xmax>
			<ymax>308</ymax>
		</bndbox>
	</object>
	<object>
		<name>tablet</name>
		<pose>Unspecified</pose>
		<truncated>0</truncated>
		<difficult>0</difficult>
		<bndbox>
			<xmin>384</xmin>
			<ymin>284</ymin>
			<xmax>407</xmax>
			<ymax>306</ymax>
		</bndbox>
	</object>
	<object>
		<name>tablet</name>
		<pose>Unspecified</pose>
		<truncated>0</truncated>
		<difficult>0</difficult>
		<bndbox>
			<xmin>265</xmin>
			<ymin>347</ymin>
			<xmax>291</xmax>
			<ymax>369</ymax>
		</bndbox>
	</object>
	<object>
		<name>tablet</name>
		<pose>Unspecified</pose>
		<truncated>0</truncated>
		<difficult>0</difficult>
		<bndbox>
			<xmin>324</xmin>
			<ymin>350</ymin>
			<xmax>347</xmax>
			<ymax>369</ymax>
		</bndbox>
	</object>
	<object>
		<name>tablet</name>
		<pose>Unspecified</pose>
		<truncated>0</truncated>
		<difficult>0</difficult>
		<bndbox>
			<xmin>385</xmin>
			<ymin>358</ymin>
			<xmax>410</xmax>
			<ymax>382</ymax>
		</bndbox>
	</object>
	<object>
		<name>tablet</name>
		<pose>Unspecified</pose>
		<truncated>0</truncated>
		<difficult>0</difficult>
		<bndbox>
			<xmin>447</xmin>
			<ymin>358</ymin>
			<xmax>474</xmax>
			<ymax>382</ymax>
		</bndbox>
	</object>
	<object>
		<name>tablet</name>
		<pose>Unspecified</pose>
		<truncated>0</truncated>
		<difficult>0</difficult>
		<bndbox>
			<xmin>273</xmin>
			<ymin>393</ymin>
			<xmax>298</xmax>
			<ymax>419</ymax>
		</bndbox>
	</object>
	<object>
		<name>tablet</name>
		<pose>Unspecified</pose>
		<truncated>0</truncated>
		<difficult>0</difficult>
		<bndbox>
			<xmin>325</xmin>
			<ymin>398</ymin>
			<xmax>346</xmax>
			<ymax>419</ymax>
		</bndbox>
	</object>
	<object>
		<name>tablet</name>
		<pose>Unspecified</pose>
		<truncated>0</truncated>
		<difficult>0</difficult>
		<bndbox>
			<xmin>382</xmin>
			<ymin>408</ymin>
			<xmax>406</xmax>
			<ymax>429</ymax>
		</bndbox>
	</object>
	<object>
		<name>tablet</name>
		<pose>Unspecified</pose>
		<truncated>0</truncated>
		<difficult>0</difficult>
		<bndbox>
			<xmin>445</xmin>
			<ymin>417</ymin>
			<xmax>472</xmax>
			<ymax>438</ymax>
		</bndbox>
	</object>
</annotation>
