<annotation>
	<folder>pic</folder>
	<filename>p90.jpg</filename>
	<path>C:/Users/eplan/AppData/Local/Programs/Python/Python37-32/pic/p90.jpg</path>
	<source>
		<database>Unknown</database>
	</source>
	<size>
		<width>640</width>
		<height>480</height>
		<depth>3</depth>
	</size>
	<segmented>0</segmented>
	<object>
		<name>tablet</name>
		<pose>Unspecified</pose>
		<truncated>0</truncated>
		<difficult>0</difficult>
		<bndbox>
			<xmin>417</xmin>
			<ymin>6</ymin>
			<xmax>441</xmax>
			<ymax>32</ymax>
		</bndbox>
	</object>
	<object>
		<name>tablet</name>
		<pose>Unspecified</pose>
		<truncated>0</truncated>
		<difficult>0</difficult>
		<bndbox>
			<xmin>232</xmin>
			<ymin>145</ymin>
			<xmax>256</xmax>
			<ymax>170</ymax>
		</bndbox>
	</object>
	<object>
		<name>tablet</name>
		<pose>Unspecified</pose>
		<truncated>0</truncated>
		<difficult>0</difficult>
		<bndbox>
			<xmin>448</xmin>
			<ymin>237</ymin>
			<xmax>470</xmax>
			<ymax>261</ymax>
		</bndbox>
	</object>
	<object>
		<name>tablet</name>
		<pose>Unspecified</pose>
		<truncated>0</truncated>
		<difficult>0</difficult>
		<bndbox>
			<xmin>505</xmin>
			<ymin>224</ymin>
			<xmax>527</xmax>
			<ymax>248</ymax>
		</bndbox>
	</object>
	<object>
		<name>tablet</name>
		<pose>Unspecified</pose>
		<truncated>0</truncated>
		<difficult>0</difficult>
		<bndbox>
			<xmin>436</xmin>
			<ymin>338</ymin>
			<xmax>459</xmax>
			<ymax>364</ymax>
		</bndbox>
	</object>
	<object>
		<name>tablet</name>
		<pose>Unspecified</pose>
		<truncated>0</truncated>
		<difficult>0</difficult>
		<bndbox>
			<xmin>498</xmin>
			<ymin>346</ymin>
			<xmax>520</xmax>
			<ymax>369</ymax>
		</bndbox>
	</object>
	<object>
		<name>tablet</name>
		<pose>Unspecified</pose>
		<truncated>0</truncated>
		<difficult>0</difficult>
		<bndbox>
			<xmin>483</xmin>
			<ymin>366</ymin>
			<xmax>508</xmax>
			<ymax>385</ymax>
		</bndbox>
	</object>
	<object>
		<name>tablet</name>
		<pose>Unspecified</pose>
		<truncated>0</truncated>
		<difficult>0</difficult>
		<bndbox>
			<xmin>312</xmin>
			<ymin>355</ymin>
			<xmax>335</xmax>
			<ymax>378</ymax>
		</bndbox>
	</object>
	<object>
		<name>tablet</name>
		<pose>Unspecified</pose>
		<truncated>0</truncated>
		<difficult>0</difficult>
		<bndbox>
			<xmin>336</xmin>
			<ymin>416</ymin>
			<xmax>358</xmax>
			<ymax>439</ymax>
		</bndbox>
	</object>
	<object>
		<name>tablet</name>
		<pose>Unspecified</pose>
		<truncated>0</truncated>
		<difficult>0</difficult>
		<bndbox>
			<xmin>451</xmin>
			<ymin>406</ymin>
			<xmax>472</xmax>
			<ymax>425</ymax>
		</bndbox>
	</object>
	<object>
		<name>tablet</name>
		<pose>Unspecified</pose>
		<truncated>0</truncated>
		<difficult>0</difficult>
		<bndbox>
			<xmin>483</xmin>
			<ymin>403</ymin>
			<xmax>504</xmax>
			<ymax>424</ymax>
		</bndbox>
	</object>
	<object>
		<name>tablet</name>
		<pose>Unspecified</pose>
		<truncated>0</truncated>
		<difficult>0</difficult>
		<bndbox>
			<xmin>461</xmin>
			<ymin>421</ymin>
			<xmax>483</xmax>
			<ymax>442</ymax>
		</bndbox>
	</object>
</annotation>
